product_id,units,orders,revenue,gross_profit,contribution_profit,returns,product_name,category,subcategory,list_price_inr,gross_margin_rate,weight_kg,abc_class,contribution_margin_pct,return_rate_pct
2001,718,514,1116442.245,500166.12576,408775.89562151406,24,UrbanPeak Smartphones 01,Electronics,Smartphones,1685,0.448,3.12,B,36.61415513898921,4.669260700389105
2002,747,546,746506.485,267249.32162999996,170444.10717556716,43,Aurelia Smartphones 02,Electronics,Smartphones,1083,0.358,2.53,B,22.832233959168775,7.875457875457876
2003,796,569,2238425.264,1284856.101536,1184336.0218101335,43,Vertex Smartphones 03,Electronics,Smartphones,3056,0.574,2.23,C,52.90933947438388,7.557117750439367
2004,673,487,1699405.848,338181.763752,252827.29081657817,31,Luma Smartphones 04,Electronics,Smartphones,2744,0.199,3.11,A,14.877393243887328,6.365503080082136
2005,755,551,1185125.892,424275.06933599996,327406.47188636026,34,Nexora Smartphones 05,Electronics,Smartphones,1698,0.358,1.13,C,27.626303171373145,6.170598911070781
2006,794,566,783920.118,427236.46431,328488.0836896045,37,HomeCraft Smartphones 06,Electronics,Smartphones,1074,0.545,3.8,B,41.90325980249999,6.5371024734982335
2007,771,556,681279.742,303850.764932,206026.86319317514,47,Stride Smartphones 07,Electronics,Smartphones,962,0.446,3.28,B,30.24115506331541,8.453237410071942
2008,822,587,1742267.4949999999,477381.29363000003,373661.68603526783,41,Nova Smartphones 08,Electronics,Smartphones,2309,0.274,3.17,B,21.446860892923212,6.984667802385008
2009,761,540,257011.201,117197.10765600001,20858.356034096734,40,UrbanPeak Smartphones 09,Electronics,Smartphones,367,0.456,3.13,A,8.115738128509323,7.407407407407407
2010,776,560,1837292.282,650401.467828,550545.4139380731,30,Aurelia Smartphones 10,Electronics,Smartphones,2569,0.354,2.52,C,29.965042542864886,5.357142857142857
2011,802,562,442353.713,149073.20128100002,49233.93733420205,42,Vertex Smartphones 11,Electronics,Smartphones,599,0.337,3.58,A,11.12999300950867,7.473309608540926
2012,834,598,1059982.944,579810.670368,477607.0139396088,42,Luma Audio 01,Electronics,Audio,1382,0.547,2.1,B,45.057990474572094,7.023411371237458
2013,799,571,874388.024,491406.06948800007,389989.1411823354,39,Nexora Audio 02,Electronics,Audio,1192,0.562,2.95,B,44.60138182111417,6.830122591943958
2014,704,531,2271103.305,542793.689895,450858.34475564293,36,HomeCraft Audio 03,Electronics,Audio,3505,0.239,1.91,C,19.851952298384898,6.779661016949152
2015,733,528,2672187.896,569176.021848,477593.4621992375,26,Stride Audio 04,Electronics,Audio,3964,0.213,1.88,B,17.872750000632344,4.924242424242424
2016,767,562,1429147.315,461614.582745,361558.7284293933,34,Nova Audio 05,Electronics,Audio,2011,0.323,3.63,B,25.298912479809218,6.049822064056939
2017,721,516,1560915.972,886600.2720959999,797089.0162639298,30,UrbanPeak Audio 06,Electronics,Audio,2343,0.568,3.1,C,51.06546608288084,5.813953488372093
2018,768,558,1296077.012,343460.40818,244448.26210861752,33,Aurelia Audio 07,Electronics,Audio,1831,0.265,3.39,C,18.86062786742934,5.913978494623656
2019,790,552,1255725.504,237332.120256,140795.29431699705,32,Vertex Audio 08,Electronics,Audio,1728,0.189,1.52,B,11.212266842435419,5.797101449275362
2020,766,551,2430933.72,828948.39852,731808.007817411,36,Luma Audio 09,Electronics,Audio,3460,0.341,2.92,B,30.103988512587293,6.533575317604356
2021,764,542,1469403.549,374697.904995,281108.4666996417,33,Nexora Audio 10,Electronics,Audio,2097,0.255,1.31,B,19.130787242956476,6.088560885608856
2022,783,545,1143268.228,268668.03358,174639.14857733785,42,HomeCraft Audio 11,Electronics,Audio,1577,0.235,3.95,A,15.275430935647227,7.706422018348624
2023,746,546,484634.625,288357.601875,190187.86831604864,39,Stride Wearables 01,Electronics,Wearables,705,0.595,1.35,C,39.24355762158939,7.142857142857143
2024,702,520,1606509.981,605654.262837,514736.7693624214,34,Nova Wearables 02,Electronics,Wearables,2487,0.377,3.72,A,32.04068293693479,6.538461538461538
2025,748,538,742216.633,149927.759866,54563.28117107269,24,UrbanPeak Wearables 03,Electronics,Wearables,1073,0.202,2.78,C,7.3513956364101976,4.4609665427509295
2026,828,611,774847.752,156519.245904,48377.375565076065,39,Aurelia Wearables 04,Electronics,Wearables,1013,0.202,1.64,B,6.243468531747907,6.382978723404255
2027,775,578,2960885.415,1646252.29074,1545619.7210423176,36,Vertex Wearables 05,Electronics,Wearables,4145,0.556,3.87,B,52.20126767527468,6.228373702422146
2028,745,554,1254628.011,436610.547828,339978.4833993826,33,Luma Wearables 06,Electronics,Wearables,1833,0.348,3.68,B,27.0979509797811,5.956678700361011
2029,700,508,754563.782,188640.9455,99162.0023008703,25,Nexora Wearables 07,Electronics,Wearables,1169,0.25,1.87,C,13.141632909816801,4.921259842519685
2030,725,531,1533776.816,728543.9876,634902.5562398137,31,HomeCraft Wearables 08,Electronics,Wearables,2288,0.475,3.15,B,41.394715946717874,5.83804143126177
2031,828,593,971554.942,518810.339028,415089.13043796935,47,Stride Wearables 09,Electronics,Wearables,1271,0.534,2.28,A,42.72420554863168,7.925801011804385
2032,737,532,815009.769,495525.93955199997,402601.680363566,40,Nova Wearables 10,Electronics,Wearables,1197,0.608,3.88,B,49.398387071795455,7.518796992481203
2033,719,544,753348.912,308873.05392,213743.911254769,56,UrbanPeak Wearables 11,Electronics,Wearables,1137,0.41,2.13,A,28.37249883155987,10.294117647058824
2034,804,557,863666.552,357557.952528,260044.41715185525,34,Aurelia Accessories 01,Electronics,Accessories,1169,0.414,3.53,A,30.109353725655826,6.1041292639138245
2035,731,528,544135.018,277508.85918,185167.10831263775,36,Vertex Accessories 02,Electronics,Accessories,809,0.51,3.47,A,34.02962540312701,6.818181818181818
2036,832,598,2151149.448,1026098.2866959999,920529.186174663,41,Luma Accessories 03,Electronics,Accessories,2792,0.477,1.68,A,42.79243299578798,6.8561872909699
2037,723,530,1211870.551,750147.871069,658260.8891626282,28,Nexora Accessories 04,Electronics,Accessories,1819,0.619,1.85,B,54.317756019357894,5.283018867924528
2038,689,506,3556190.22,1362020.85426,1273737.0516831868,31,HomeCraft Accessories 05,Electronics,Accessories,5610,0.383,2.14,C,35.81746118415417,6.126482213438735
2039,737,539,639317.211,392540.767554,296073.65362730605,33,Stride Accessories 06,Electronics,Accessories,939,0.614,3.44,C,46.31091554131585,6.122448979591836
2040,776,539,608775.864,336653.052792,242692.29664163533,39,Nova Accessories 07,Electronics,Accessories,853,0.553,2.79,B,39.86562395016951,7.2356215213358075
2041,730,544,1640632.832,597190.350848,501729.87824179645,30,UrbanPeak Accessories 08,Electronics,Accessories,2434,0.364,1.23,B,30.581484684185355,5.514705882352941
2042,744,536,1392932.916,846903.212928,755666.1640015924,39,Aurelia Accessories 09,Electronics,Accessories,2031,0.608,2.27,B,54.25000409722477,7.276119402985074
2043,768,550,5646916.8,3009806.6544000003,2914267.6043292796,48,Vertex Accessories 10,Electronics,Accessories,8003,0.533,2.25,B,51.60812010421829,8.727272727272727
2044,767,540,710032.5,202359.26249999998,107733.19660086064,30,Luma Accessories 11,Electronics,Accessories,1005,0.285,2.62,C,15.172995123583869,5.555555555555555
2045,789,564,1450346.898,670060.266876,570777.5583167049,40,Nexora Kitchen 01,Home,Kitchen,2002,0.462,2.63,C,39.35455435549909,7.092198581560283
2046,802,591,1314099.696,417883.70332800003,312099.2512259891,37,HomeCraft Kitchen 02,Home,Kitchen,1776,0.318,1.03,B,23.750043636414407,6.260575296108291
2047,724,544,1337355.22,371784.75116000004,278330.12109241646,48,Stride Kitchen 03,Home,Kitchen,2011,0.278,3.24,B,20.811981508728582,8.823529411764707
2048,737,516,1052733.645,534788.69166,446966.47015763697,33,Nova Kitchen 04,Home,Kitchen,1545,0.508,2.41,B,42.45769784983332,6.395348837209302
2049,766,546,661700.154,188584.54388999997,93508.00320316009,46,UrbanPeak Kitchen 05,Home,Kitchen,939,0.285,3.07,A,14.131476717649381,8.424908424908425
2050,743,527,599251.982,202547.169916,107334.15756290549,38,Aurelia Kitchen 06,Home,Kitchen,874,0.338,1.27,C,17.91135628866481,7.2106261859582546
2051,696,498,1876508.182,401572.750948,316335.8065322398,31,Vertex Kitchen 07,Home,Kitchen,2914,0.214,1.47,C,16.857683305973442,6.224899598393574
2052,723,538,1437974.835,415574.72731499997,320498.8163244288,50,Luma Kitchen 08,Home,Kitchen,2157,0.289,2.76,A,22.288207590533304,9.293680297397769
2053,818,587,2427252.236,1262171.1627200001,1160046.8678479944,28,Nexora Kitchen 09,Home,Kitchen,3217,0.52,3.35,C,47.792596527161855,4.770017035775128
2054,802,568,1603866.132,798725.333736,699452.7351746431,45,HomeCraft Kitchen 10,Home,Kitchen,2178,0.498,3.84,B,43.61041867642873,7.922535211267606
2055,746,525,945362.0,551146.046,459331.5609704812,43,Stride Kitchen 11,Home,Kitchen,1375,0.583,1.73,C,48.587901879965685,8.19047619047619
2056,822,580,2102625.756,1209009.8096999999,1106268.3131955934,30,Nova Home Decor 01,Home,Home Decor,2772,0.575,2.4,B,52.61365747274682,5.172413793103448
2057,742,545,2183700.53,759927.78444,665065.9576181989,30,UrbanPeak Home Decor 02,Home,Home Decor,3187,0.348,1.89,C,30.455914100007064,5.504587155963303
2058,696,500,612697.914,294094.99872,207268.49303119784,44,Aurelia Home Decor 03,Home,Home Decor,954,0.48,1.07,B,33.828823029287776,8.8
2059,797,566,2934735.223,619229.132053,518083.4433589227,36,Vertex Home Decor 04,Home,Home Decor,3989,0.211,3.41,B,17.653498663137242,6.360424028268551
2060,813,579,3627468.454,983043.951034,881043.0202013167,38,Luma Home Decor 05,Home,Home Decor,4846,0.271,3.9,C,24.288095992393615,6.563039723661485
2061,754,540,1331648.22,416805.89286,322988.866370255,43,Nexora Home Decor 06,Home,Home Decor,1918,0.313,2.34,A,24.254819067024698,7.962962962962963
2062,762,556,567620.808,333761.035104,235305.18658446017,44,HomeCraft Home Decor 07,Home,Home Decor,808,0.588,3.94,B,41.454644239268305,7.913669064748201
2063,796,573,2589731.928,991867.3284240001,892118.5255624155,39,Stride Home Decor 08,Home,Home Decor,3528,0.383,1.54,B,34.448296208456654,6.806282722513089
2064,731,538,1065579.037,254673.38984299998,158726.52290499918,39,Nova Home Decor 09,Home,Home Decor,1583,0.239,2.75,B,14.895800066776198,7.24907063197026
2065,827,588,3153506.256,1955173.87872,1853632.750723717,40,UrbanPeak Home Decor 10,Home,Home Decor,4131,0.62,2.49,A,58.78005623730454,6.802721088435374
2066,732,531,2346727.548,1363448.705388,1270328.1506793033,37,Aurelia Home Decor 11,Home,Home Decor,3476,0.581,2.72,B,54.13189749112296,6.967984934086629
2067,791,562,381586.8,84330.6828,-13957.297968085191,43,Vertex Storage 01,Home,Storage,525,0.221,3.87,C,-3.6576993669815603,7.6512455516014235
2068,737,524,1992873.051,643697.995473,553266.8017447764,31,Luma Storage 02,Home,Storage,2943,0.323,3.78,B,27.76227022926291,5.916030534351145
2069,825,572,1442590.083,877094.770464,778976.2030169755,26,Nexora Storage 03,Home,Storage,1903,0.608,3.72,A,53.99844433957442,4.545454545454546
2070,735,548,1054034.4,329912.7672,232439.95158460859,33,HomeCraft Storage 04,Home,Storage,1556,0.313,1.63,A,22.05240659931105,6.021897810218978
2071,753,556,1687249.594,696834.082322,600189.3399293589,32,Stride Storage 05,Home,Storage,2438,0.413,3.05,A,35.57205419184465,5.755395683453237
2072,805,575,700269.612,336129.41375999997,236236.08622210147,33,Nova Storage 06,Home,Storage,942,0.48,3.17,C,33.73501893754908,5.739130434782608
2073,754,532,2082096.432,1247175.762768,1154428.4552261252,36,UrbanPeak Storage 07,Home,Storage,3004,0.599,2.67,B,55.445484535853865,6.7669172932330826
2074,680,512,554637.552,161954.16518399998,72435.78318394958,28,Aurelia Storage 08,Home,Storage,887,0.292,3.53,B,13.060021436116099,5.46875
2075,854,614,1280130.588,430123.87756800005,321781.5682316351,44,Vertex Storage 09,Home,Storage,1628,0.336,2.16,C,25.136620532938558,7.166123778501628
2076,771,536,4072425.198,1576028.551626,1482102.3157533952,33,Luma Storage 10,Home,Storage,5721,0.387,1.59,C,36.393604392814076,6.156716417910448
2077,794,558,865931.157,393132.745278,298086.03185838443,34,Nexora Storage 11,Home,Storage,1183,0.454,2.91,B,34.42375637470964,6.093189964157706
2078,751,545,1384285.08,370988.40144000005,275433.3421715462,32,HomeCraft Appliances 01,Home,Appliances,2008,0.268,2.17,B,19.897154578271273,5.871559633027523
2079,748,535,541784.672,139780.445376,45960.052272741355,28,Stride Appliances 02,Home,Appliances,788,0.258,2.64,B,8.483084636388782,5.233644859813084
2080,745,557,6026548.212,3109698.877392,3011413.5526068243,39,Nova Appliances 03,Home,Appliances,8772,0.516,1.27,A,49.9691273789286,7.001795332136445
2081,752,550,870508.652,251577.00042799997,154249.16957001973,25,UrbanPeak Appliances 04,Home,Appliances,1261,0.289,3.7,C,17.719429808725177,4.545454545454546
2082,706,513,771822.473,455375.25907,365155.0839328392,30,Aurelia Appliances 05,Home,Appliances,1181,0.59,3.65,B,47.31076079108145,5.847953216374269
2083,762,548,4845492.278,2199853.494212,2105068.3893347126,31,Vertex Appliances 06,Home,Appliances,6886,0.454,2.36,C,43.44384984147761,5.656934306569343
2084,778,560,904263.795,415961.3457,318956.4199972396,30,Luma Appliances 07,Home,Appliances,1263,0.46,3.05,B,35.27249700373546,5.357142857142857
2085,778,566,749345.152,274260.325632,176308.06897376975,35,Nexora Appliances 08,Home,Appliances,1048,0.366,3.9,B,23.52828579770004,6.18374558303887
2086,786,572,211798.696,126232.022816,27905.35553154804,46,HomeCraft Appliances 09,Home,Appliances,292,0.596,1.35,A,13.175414229910105,8.041958041958042
2087,790,570,3073575.951,1856439.874404,1755488.3891737205,44,Stride Appliances 10,Home,Appliances,4209,0.604,3.81,A,57.11550380274694,7.719298245614035
2088,749,548,663651.73,171222.14634,73576.85341942142,34,Nova Appliances 11,Home,Appliances,965,0.258,2.8,B,11.086666408512402,6.204379562043796
2089,726,516,432735.598,238004.57890000002,148005.1960612318,38,UrbanPeak Menswear 01,Fashion,Menswear,647,0.55,1.22,B,34.20222342355847,7.364341085271318
2090,820,588,1927338.68,583983.62004,479345.98642178485,41,Aurelia Menswear 02,Fashion,Menswear,2545,0.303,1.05,C,24.870874610464668,6.9727891156462585
2091,788,582,1222667.352,300776.168592,199102.37667563674,40,Vertex Menswear 03,Fashion,Menswear,1688,0.246,2.28,B,16.284263773785362,6.8728522336769755
2092,760,540,1824035.2,1003219.3600000001,906487.9525562536,36,Luma Menswear 04,Fashion,Menswear,2608,0.55,3.0,B,49.69684535453338,6.666666666666667
2093,757,532,2057718.49,584392.0511599999,491926.6476619892,42,Nexora Menswear 05,Fashion,Menswear,2930,0.284,1.39,B,23.906411399451883,7.894736842105263
2094,778,553,1048514.868,206557.428996,112612.68088788739,27,HomeCraft Menswear 06,Fashion,Menswear,1458,0.197,2.0,C,10.740208300783712,4.882459312839059
2095,771,552,2051091.783,828641.080332,734144.2960182223,41,Stride Menswear 07,Fashion,Menswear,2899,0.404,2.84,A,35.79285442528742,7.427536231884058
2096,725,517,1589109.34,848584.3875600001,757309.9739504192,34,Nova Menswear 08,Fashion,Menswear,2380,0.534,1.96,B,47.65625340484244,6.576402321083172
2097,740,530,5488353.15,3199709.8864499996,3106684.4109056923,24,UrbanPeak Menswear 09,Fashion,Menswear,8050,0.583,3.66,A,56.60503845139214,4.528301886792453
2098,816,592,1597402.02,682090.6625399999,579783.771407135,35,Aurelia Menswear 10,Fashion,Menswear,2130,0.427,1.6,B,36.295419947392766,5.912162162162162
2099,816,581,2805162.624,622746.102528,519934.03263573366,43,Vertex Menswear 11,Fashion,Menswear,3729,0.222,2.58,B,18.534898055013215,7.401032702237521
2100,774,548,444338.544,92422.417152,-3829.882040912923,36,Luma Womenswear 01,Fashion,Womenswear,624,0.208,3.77,B,-0.8619288361607726,6.569343065693431
2101,810,559,595109.582,115451.258908,17238.339876639813,32,Nexora Womenswear 02,Fashion,Womenswear,799,0.194,2.23,B,2.896666496060521,5.724508050089446
2102,713,520,2738522.184,955744.242216,863127.7080876151,36,HomeCraft Womenswear 03,Fashion,Womenswear,4152,0.349,3.74,B,31.51801044850017,6.923076923076923
2103,772,563,821871.2390000001,463535.378796,365830.31338125054,32,Stride Womenswear 04,Fashion,Womenswear,1159,0.564,2.05,B,44.51187680279082,5.683836589698046
2104,782,577,2406167.148,786816.657396,684429.5011415369,41,Nova Womenswear 05,Fashion,Womenswear,3332,0.327,3.92,B,28.4448028355151,7.105719237435009
2105,734,538,5000503.239,2170218.405726,2075646.5949254083,50,UrbanPeak Womenswear 06,Fashion,Womenswear,7353,0.434,2.42,B,41.50875413372387,9.293680297397769
2106,816,568,2216075.184,1194464.5241760002,1094639.6438401758,38,Aurelia Womenswear 07,Fashion,Womenswear,2936,0.539,3.0,A,49.395419963340736,6.690140845070423
2107,778,559,1523838.312,635440.576104,538376.9260968271,31,Vertex Womenswear 08,Fashion,Womenswear,2124,0.417,1.84,A,35.33031830589827,5.545617173524151
2108,776,578,1217898.747,649140.032151,548045.4161994852,44,Luma Womenswear 09,Fashion,Womenswear,1703,0.533,3.04,A,44.99925938420275,7.612456747404845
2109,758,528,656795.86,221997.00068000003,127852.99287034612,33,Nexora Womenswear 10,Fashion,Womenswear,940,0.338,1.13,B,19.46616911841468,6.25
2110,707,533,406973.125,191684.34187499998,98321.8070121321,31,HomeCraft Womenswear 11,Fashion,Womenswear,625,0.471,2.72,A,24.159287425215634,5.816135084427767
2111,776,563,1417372.99,411038.16709999996,313591.5815347568,53,Stride Footwear 01,Fashion,Footwear,1991,0.29,3.09,A,22.124845312224892,9.41385435168739
2112,727,530,781022.946,366299.761674,272544.15658598545,36,Nova Footwear 02,Fashion,Footwear,1166,0.469,3.36,C,34.895793776843206,6.7924528301886795
2113,801,574,2123441.388,719846.6305320001,617879.8365539355,45,UrbanPeak Footwear 03,Fashion,Footwear,2868,0.339,2.43,B,29.098040569695048,7.839721254355401
2114,763,550,936846.076,222969.36608799998,128208.95186712778,33,Aurelia Footwear 04,Fashion,Footwear,1327,0.238,2.15,C,13.685167195718474,6.0
2115,773,549,1396353.802,835019.573596,736828.0124699775,32,Vertex Footwear 05,Fashion,Footwear,1954,0.598,3.18,B,52.76800273788903,5.828779599271402
2116,805,569,1167752.92,627083.31804,528310.9929123578,54,Luma Footwear 06,Fashion,Footwear,1565,0.537,2.55,B,45.241676031292464,9.490333919156415
2117,762,572,730160.523,278921.319786,179662.56301418584,37,Nexora Footwear 07,Fashion,Footwear,1041,0.382,1.17,A,24.605899299514146,6.468531468531468
2118,738,546,4234433.346,1668366.738324,1573287.164650647,35,HomeCraft Footwear 08,Fashion,Footwear,6226,0.394,3.51,C,37.154609273442254,6.410256410256411
2119,780,575,720879.169,163639.571363,61395.38538173681,41,Stride Footwear 09,Fashion,Footwear,1003,0.227,1.93,C,8.516737342667868,7.130434782608695
2120,789,583,2509279.512,1415233.6447679999,1312640.619741699,39,Nova Footwear 10,Fashion,Footwear,3452,0.564,1.02,A,52.311454880348094,6.689536878216123
2121,757,529,1495539.045,477076.955355,385005.45343344903,30,UrbanPeak Footwear 11,Fashion,Footwear,2145,0.319,3.33,A,25.743590895913325,5.671077504725898
2122,759,548,2455712.774,466585.42706,372805.64362795313,41,Aurelia Accessories 01,Fashion,Accessories,3511,0.19,1.81,A,15.181158300557552,7.481751824817518
2123,811,567,818999.298,506141.566164,405791.6005609234,40,Vertex Accessories 02,Fashion,Accessories,1098,0.618,2.79,B,49.5472464447611,7.054673721340388
2124,770,545,1851822.584,420363.72656800004,324841.35962489794,40,Luma Accessories 03,Fashion,Accessories,2602,0.227,3.32,A,17.54171066016646,7.339449541284404
2125,825,590,1154124.736,378552.913408,273805.8149352364,36,Nexora Accessories 04,Fashion,Accessories,1516,0.328,3.19,C,23.724109396026012,6.101694915254237
2126,821,599,1447152.432,406649.83339200006,301174.9365041888,58,HomeCraft Accessories 05,Fashion,Accessories,1914,0.281,1.88,B,20.811555841975657,9.68280467445743
2127,756,568,2061895.592,589702.1393119999,489821.38982274145,38,Stride Accessories 06,Fashion,Accessories,2962,0.286,1.78,C,23.75587744225322,6.690140845070423
2128,798,591,1033610.76,393805.69956,289650.24529219605,44,Nova Accessories 07,Fashion,Accessories,1404,0.381,3.01,C,28.02314531750773,7.4450084602368864
2129,762,551,899550.75,550525.059,455446.4643826426,37,UrbanPeak Accessories 08,Fashion,Accessories,1275,0.612,1.47,A,50.63043573502024,6.715063520871143
2130,804,594,3945556.644,1503257.081364,1402225.2635278602,44,Aurelia Accessories 09,Fashion,Accessories,5323,0.381,1.67,B,35.53935198624562,7.407407407407407
2131,745,534,1051603.671,212423.94154200002,120077.86548849307,34,Vertex Accessories 10,Fashion,Accessories,1527,0.202,2.62,B,11.418547576417986,6.367041198501872
2132,800,577,465001.74,248775.9309,148145.92690189622,28,Luma Accessories 11,Fashion,Accessories,630,0.535,3.59,A,31.859219903541916,4.852686308492201
2133,816,579,1307351.232,326837.808,223971.56514597434,38,Nexora Skincare 01,Beauty,Skincare,1744,0.25,1.16,C,17.131705670506022,6.563039723661485
2134,820,598,864098.664,464885.081232,359696.38229921734,33,HomeCraft Skincare 02,Beauty,Skincare,1144,0.538,2.74,C,41.626772182952635,5.518394648829432
2135,737,534,2084351.218,852499.648162,759368.0552934058,34,Stride Skincare 03,Beauty,Skincare,3061,0.409,2.35,B,36.4318666036544,6.367041198501872
2136,796,572,690276.876,314075.97858,214630.94927190515,40,Nova Skincare 04,Beauty,Skincare,942,0.455,1.15,B,31.093457818787652,6.993006993006993
2137,775,568,1278957.889,680405.596948,581797.326204817,37,UrbanPeak Skincare 05,Beauty,Skincare,1789,0.532,3.11,B,45.48995171840385,6.514084507042254
2138,719,521,909163.529,249110.80694600003,156936.56700524184,35,Aurelia Skincare 06,Beauty,Skincare,1373,0.274,1.71,C,17.26164347769848,6.717850287907869
2139,792,574,2817009.115,1270471.110865,1167424.2553421967,37,Vertex Skincare 07,Beauty,Skincare,3865,0.451,2.38,C,41.44197649648701,6.445993031358885
2140,755,557,1816125.437,657437.408194,561263.9980090323,33,Luma Skincare 08,Beauty,Skincare,2611,0.362,1.86,A,30.904473147855168,5.9245960502693
2141,818,585,1620313.765,889552.2569850001,789226.9035493793,40,Nexora Skincare 09,Beauty,Skincare,2149,0.549,3.85,C,48.70827617448398,6.837606837606837
2142,787,553,1048003.613,346889.195903,250368.25711176367,37,HomeCraft Skincare 10,Beauty,Skincare,1451,0.331,2.48,B,23.890018508148373,6.6907775768535265
2143,734,531,1834865.535,966974.136945,873482.7049745542,46,Stride Skincare 11,Beauty,Skincare,2721,0.527,3.33,A,47.60472570403118,8.662900188323917
2144,776,566,742147.164,284984.510976,187344.01221976764,38,Nova Haircare 01,Beauty,Haircare,1038,0.384,2.09,B,25.24351251442196,6.713780918727915
2145,799,560,1578398.791,700809.063204,602100.6143360462,28,UrbanPeak Haircare 02,Beauty,Haircare,2143,0.444,1.15,B,38.14629216451586,5.0
2146,682,497,3808441.044,1058746.610232,973212.0884243847,29,Aurelia Haircare 03,Beauty,Haircare,6066,0.278,3.82,B,25.554080453933494,5.835010060362173
2147,760,539,3919064.176,728945.936736,634752.4475783149,36,Vertex Haircare 04,Beauty,Haircare,5597,0.186,3.55,B,16.196531086821246,6.679035250463822
2148,813,587,587821.59,289796.04387,187072.3675539835,34,Luma Haircare 05,Beauty,Haircare,783,0.493,2.23,A,31.824684689445228,5.792163543441227
2149,766,539,1377668.088,826600.8528,732960.9080377378,35,Nexora Haircare 06,Beauty,Haircare,1944,0.6,3.42,A,53.20301126389579,6.4935064935064934
2150,731,530,647987.368,330473.55768,235527.40979180302,34,HomeCraft Haircare 07,Beauty,Haircare,958,0.51,3.81,B,36.34753105122306,6.415094339622642
2151,788,563,638265.999,346578.437457,247904.48211811858,44,Stride Haircare 08,Beauty,Haircare,881,0.543,2.43,B,38.840308352085444,7.815275310834814
2152,829,582,1528140.0,583749.48,480689.6440187973,40,Nova Haircare 09,Beauty,Haircare,2000,0.382,3.0,B,31.455864254505304,6.8728522336769755
2153,706,521,917407.442,437603.349834,348064.5115931044,40,UrbanPeak Haircare 10,Beauty,Haircare,1414,0.477,2.0,B,37.94001396307665,7.677543186180422
2154,743,547,3878430.926,2121501.7165220003,2026495.0929186174,42,Aurelia Haircare 11,Beauty,Haircare,5671,0.547,1.16,B,52.250385054778654,7.678244972577697
2155,743,540,3711024.024,1076196.9669599999,983443.1769363369,34,Vertex Makeup 01,Beauty,Makeup,5431,0.29,2.39,C,26.50058772393269,6.296296296296297
2156,779,558,364244.01,92517.97854,-2056.781669231078,37,Luma Makeup 02,Beauty,Makeup,507,0.254,3.15,B,-0.5646713776380504,6.630824372759856
2157,810,578,810932.49,436281.67962,336159.29100502655,38,Nexora Makeup 03,Beauty,Makeup,1086,0.538,1.19,B,41.45342493368672,6.57439446366782
2158,776,570,1376040.5760000001,824248.305024,726896.9352257923,40,HomeCraft Makeup 04,Beauty,Makeup,1929,0.599,2.63,B,52.82525442227892,7.017543859649122
2159,771,548,1728069.335,442385.74976000004,346148.89812056156,36,Stride Makeup 05,Beauty,Makeup,2441,0.256,2.47,B,20.030961206806065,6.569343065693431
2160,839,601,2355356.745,1234206.93438,1129214.9277697906,28,Nova Makeup 06,Beauty,Makeup,3051,0.524,2.7,C,47.94241594896023,4.658901830282862
2161,707,529,409241.238,110495.13426,18710.66228698481,38,UrbanPeak Makeup 07,Beauty,Makeup,629,0.27,2.9,B,4.572037358313536,7.183364839319471
2162,713,501,4153813.104,1233682.491888,1144415.4788865696,35,Aurelia Makeup 08,Beauty,Makeup,6328,0.297,2.2,B,27.55096221793251,6.986027944111776
2163,785,568,2509241.196,547014.580728,448158.69027513266,42,Vertex Makeup 09,Beauty,Makeup,3454,0.218,1.18,C,17.860327296935253,7.394366197183099
2164,774,567,1664000.63,687232.26019,589006.202145259,31,Luma Makeup 10,Beauty,Makeup,2329,0.413,2.03,B,35.39699393895416,5.467372134038801
2165,720,528,713682.825,251930.03722499998,157189.05948539995,33,Nexora Makeup 11,Beauty,Makeup,1075,0.353,2.49,B,22.02505846843098,6.25
2166,708,521,1683212.496,902201.897856,812008.2496454325,31,HomeCraft Personal Care 01,Beauty,Personal Care,2576,0.536,1.94,C,48.24157684042244,5.950095969289827
2167,781,563,2002576.86,766986.93738,667154.4080866559,31,Stride Personal Care 02,Beauty,Personal Care,2778,0.383,2.13,C,33.3147966209225,5.506216696269982
2168,754,523,764836.074,141494.67369,49219.9210369059,32,Nova Personal Care 03,Beauty,Personal Care,1101,0.185,3.17,A,6.435355589269172,6.118546845124283
2169,725,533,1989555.28,988808.97416,897583.8628025734,34,UrbanPeak Personal Care 04,Beauty,Personal Care,2980,0.497,3.81,A,45.114798861108966,6.378986866791744
2170,729,536,4964287.41,1424750.4866699998,1330430.5936856796,32,Aurelia Personal Care 05,Beauty,Personal Care,7374,0.287,2.4,B,26.800031581686355,5.970149253731344
2171,769,564,2692049.556,1254495.0930960001,1154320.8422398968,33,Vertex Personal Care 06,Beauty,Personal Care,3823,0.466,2.11,B,42.8788853335617,5.851063829787234
2172,793,560,2715922.692,1151551.221408,1053951.053962091,32,Luma Personal Care 07,Beauty,Personal Care,3717,0.424,1.3,B,38.80637166391373,5.714285714285714
2173,740,546,3597092.53,924452.78021,830764.2050939973,31,Nexora Personal Care 08,Beauty,Personal Care,5251,0.257,1.63,C,23.095436054684903,5.677655677655678
2174,852,619,298570.818,169588.224624,61736.043294633906,37,HomeCraft Personal Care 09,Beauty,Personal Care,382,0.568,1.43,B,20.6771859715486,5.977382875605816
2175,795,575,4241871.0,1395575.5590000001,1295152.396720753,39,Stride Personal Care 10,Beauty,Personal Care,5787,0.329,1.6,C,30.532573874140752,6.782608695652174
2176,739,538,2683129.194,1215457.524882,1119212.0731821405,40,Nova Personal Care 11,Beauty,Personal Care,3914,0.453,3.42,B,41.7129400881969,7.434944237918216
2177,713,529,910673.686,256809.97945199997,164209.29490123998,44,UrbanPeak Fitness 01,Sports,Fitness,1387,0.282,2.69,A,18.031628389583226,8.31758034026465
2178,773,563,2427474.205,720959.838885,624172.6318440991,31,Aurelia Fitness 02,Sports,Fitness,3415,0.297,3.79,C,25.7128430266512,5.506216696269982
2179,733,542,1513659.84,475289.18976,378923.1128392612,32,Vertex Fitness 03,Sports,Fitness,2240,0.314,3.66,A,25.03357113836496,5.904059040590406
2180,811,573,1439738.152,669478.24068,568999.5967390322,35,Luma Fitness 04,Sports,Fitness,1931,0.465,1.79,B,39.5210473479925,6.108202443280978
2181,790,558,1300887.834,611417.28198,513486.8456735749,44,Nexora Fitness 05,Sports,Fitness,1797,0.47,3.05,B,39.47203073570868,7.885304659498208
2182,833,594,1016245.02,252028.76496,149837.18581873996,37,HomeCraft Fitness 06,Sports,Fitness,1330,0.248,2.86,C,14.744198777843945,6.228956228956229
2183,806,570,1418898.89,587424.14046,488100.78609659633,33,Stride Fitness 07,Sports,Fitness,1910,0.414,1.11,A,34.39996954938744,5.7894736842105265
2184,769,552,685317.498,411190.4988,313976.9563940595,36,Nova Fitness 08,Sports,Fitness,969,0.6,3.01,B,45.81481682728894,6.521739130434782
2185,773,557,669561.284,249076.797648,150526.7630404385,44,UrbanPeak Fitness 09,Sports,Fitness,938,0.372,2.47,A,22.481401872758,7.899461400359066
2186,774,553,908172.584,425024.769312,325980.6960518517,42,Aurelia Fitness 10,Sports,Fitness,1276,0.468,3.87,C,35.89413529927167,7.594936708860759
2187,814,562,1249194.047,384751.766476,287815.6415612919,30,Vertex Fitness 11,Sports,Fitness,1663,0.308,2.65,A,23.040106719408012,5.338078291814947
2188,754,542,500580.003,133654.860801,38762.62928930814,35,Luma Outdoor 01,Sports,Outdoor,717,0.267,3.06,B,7.743543301171009,6.4575645756457565
2189,836,590,4948356.24,2835408.12552,2731058.276875966,37,Nexora Outdoor 02,Sports,Outdoor,6420,0.573,1.73,B,55.191221981947805,6.271186440677966
2190,741,529,1926564.652,714755.485892,622384.482769621,31,HomeCraft Outdoor 03,Sports,Outdoor,2833,0.371,3.76,C,32.3054034093023,5.8601134215500945
2191,752,556,4968739.204,2027245.5952319999,1929695.977488272,37,Stride Outdoor 04,Sports,Outdoor,7148,0.408,2.97,B,38.836732987209366,6.654676258992806
2192,816,588,4311874.167,1776492.1568039998,1674912.5333323015,48,Nova Outdoor 05,Sports,Outdoor,5723,0.412,2.25,B,38.84418859323131,8.16326530612245
2193,811,571,1788475.032,404195.35723200004,304190.9367886849,32,UrbanPeak Outdoor 06,Sports,Outdoor,2396,0.226,2.17,C,17.008397173345887,5.604203152364273
2194,820,582,2991091.803,565316.350767,462603.147469582,52,Aurelia Outdoor 07,Sports,Outdoor,3959,0.189,1.74,B,15.46602972886359,8.934707903780069
2195,769,550,1131221.072,451357.207728,353785.9516827487,44,Vertex Outdoor 08,Sports,Outdoor,1592,0.399,1.24,B,31.274696028889803,8.0
2196,769,544,736687.125,392654.237625,297678.4247946787,41,Luma Outdoor 09,Sports,Outdoor,1035,0.533,2.46,A,40.40771376243052,7.536764705882353
2197,813,588,1283253.972,654459.52572,550648.9674176415,42,Nexora Outdoor 10,Sports,Outdoor,1716,0.51,2.44,A,42.910365323820834,7.142857142857143
2198,792,578,847922.082,484163.50882199995,384870.1242397322,35,HomeCraft Outdoor 11,Sports,Outdoor,1159,0.571,2.68,C,45.38979847439947,6.055363321799308
2199,795,581,912224.352,256335.04291200003,155083.55056868217,53,Stride Sportswear 01,Sports,Sportswear,1241,0.281,1.24,B,17.000593135742356,9.122203098106713
2200,796,576,216784.88,126819.15479999999,28330.5568134109,31,Nova Sportswear 02,Sports,Sportswear,295,0.585,1.42,B,13.068511426355428,5.381944444444445
2201,764,558,3348866.06,1175451.98706,1076070.5136035555,45,UrbanPeak Sportswear 03,Sports,Sportswear,4756,0.351,1.86,B,32.13238434515221,8.064516129032258
2202,831,585,1745657.74,804748.21814,701333.0120906407,25,Aurelia Sportswear 04,Sports,Sportswear,2285,0.461,2.6,B,40.175860136858255,4.273504273504273
2203,810,569,735022.822,177875.522924,77292.54063709882,33,Vertex Sportswear 05,Sports,Sportswear,989,0.242,2.84,B,10.515665408427116,5.799648506151143
2204,786,567,1343684.496,804867.013104,705286.3895310835,39,Luma Sportswear 06,Sports,Sportswear,1848,0.599,1.49,B,52.48898767758674,6.878306878306878
2205,735,528,2240739.116,403333.04088,310890.3328123066,35,Nexora Sportswear 07,Sports,Sportswear,3311,0.18,1.31,B,13.874454665087686,6.628787878787879
2206,791,567,2306466.45,505116.15255,405785.91033953713,36,HomeCraft Sportswear 08,Sports,Sportswear,3174,0.219,3.25,C,17.59340181772586,6.349206349206349
2207,727,537,761738.142,352684.759746,256456.1048044678,32,Stride Sportswear 09,Sports,Sportswear,1139,0.463,2.99,B,33.66722639503429,5.95903165735568
2208,709,517,1636396.101,940927.7580749999,852380.6720472261,31,Nova Sportswear 10,Sports,Sportswear,2511,0.575,1.38,A,52.08889654077868,5.996131528046422
2209,775,550,3291735.285,1244275.93773,1146165.5644027407,31,UrbanPeak Sportswear 11,Sports,Sportswear,4635,0.378,1.77,A,34.819493828245086,5.636363636363637
2210,782,570,652724.88,148168.54776000002,49037.390642771126,25,Aurelia Equipment 01,Sports,Equipment,908,0.227,2.59,C,7.512719699419321,4.385964912280702
2211,760,536,1496265.427,715214.874106,622132.4138600064,38,Vertex Equipment 02,Sports,Equipment,2137,0.478,3.81,B,41.57901416644886,7.08955223880597
2212,797,568,1226410.233,340942.044774,243822.79873302943,40,Luma Equipment 03,Sports,Equipment,1667,0.278,1.38,A,19.881014702282695,7.042253521126761
2213,801,601,648167.021,296860.495618,191896.7356431052,39,Nexora Equipment 04,Sports,Equipment,877,0.458,2.72,B,29.606062855071613,6.4891846921797
2214,751,558,1243402.237,491143.883615,396053.40901582246,36,HomeCraft Equipment 05,Sports,Equipment,1799,0.395,2.12,C,31.852396371056432,6.451612903225806
2215,788,559,457048.125,238579.12125,141864.43548678124,30,Stride Equipment 06,Sports,Equipment,625,0.522,1.33,B,31.039277425496767,5.366726296958855
2216,697,518,876665.013,508465.70754,418993.8338964038,38,Nova Equipment 07,Sports,Equipment,1361,0.58,3.17,C,47.79406360276451,7.335907335907336
2217,811,563,631548.624,375139.882656,277225.37378676963,44,UrbanPeak Equipment 08,Sports,Equipment,843,0.594,2.21,B,43.89612505699476,7.815275310834814
2218,709,525,689778.516,193137.98448,100750.21882214233,35,Aurelia Equipment 09,Sports,Equipment,1052,0.28,1.98,B,14.606169442097025,6.666666666666667
2219,803,554,535391.604,128493.98496,30018.382499676634,28,Vertex Equipment 10,Sports,Equipment,726,0.24,3.68,B,5.606808600546644,5.054151624548736
2220,791,562,820238.75,361725.28875,261897.40235020884,46,Luma Equipment 11,Sports,Equipment,1130,0.441,3.34,C,31.92941108307902,8.185053380782918
